<?xml version="1.0" encoding="UTF-8" ?>
<webTalkData  fileName='usage_statistics_ext_sdk.xml'  majorVersion='1' minorVersion='0' timeStamp='Sun Aug  5 11:58:15 2018'>
<section name="__ROOT__" level="0" order="1" description="">
 <section name="software_version_and_target_device" level="1" order="1" description="">
  <keyValuePair key="beta" value="false" description="" />
  <keyValuePair key="build_version" value="2018.2" description="" />
  <keyValuePair key="date_generated" value="2018-08-05 11:57:52" description="" />
  <keyValuePair key="os_platform" value="amd64" description="" />
  <keyValuePair key="product_version" value="SDK v2018.2" description="" />
  <keyValuePair key="project_id" value="2018.2_1" description="" />
  <keyValuePair key="project_iteration" value="1" description="" />
  <keyValuePair key="random_id" value="ktp5e06bn9l0nrltfr7rr362mi" description="" />
  <keyValuePair key="registration_id" value="176032993_1777485347_210642998_121" description="" />
  <keyValuePair key="route_design" value="NA" description="" />
  <keyValuePair key="target_device" value="NA" description="" />
  <keyValuePair key="target_family" value="NA" description="" />
  <keyValuePair key="target_package" value="NA" description="" />
  <keyValuePair key="target_speed" value="NA" description="" />
  <keyValuePair key="tool_flow" value="SDK" description="" />
 </section>
 <section name="user_environment" level="1" order="2" description="">
  <keyValuePair key="cpu_name" value="Intel(R) Core(TM) i7-6700HQ CPU @ 2.60GHz" description="" />
  <keyValuePair key="cpu_speed" value="2592 MHz" description="" />
  <keyValuePair key="os_name" value="Microsoft Windows 8 or later , 64-bit" description="" />
  <keyValuePair key="os_release" value="major release  (build 9200)" description="" />
  <keyValuePair key="system_ram" value="17.036 GB" description="" />
  <keyValuePair key="total_processors" value="1" description="" />
 </section>
 <section name="sdk" level="1" order="3" description="">
  <section name="application/1533387179187" level="2" order="1" description="">
   <keyValuePair key="apptemplate" value="hello_world" description="" />
   <keyValuePair key="bspid" value="1533387172121" description="" />
   <keyValuePair key="hwid" value="1533385754801" description="" />
   <keyValuePair key="langused" value="C" description="" />
   <keyValuePair key="newbsp" value="true" description="" />
   <keyValuePair key="os" value="standalone" description="" />
   <keyValuePair key="procused" value="ps7_cortexa9" description="" />
   <keyValuePair key="projsize" value="727.5" description="" />
   <keyValuePair key="recordtype" value="APPCreation" description="" />
   <keyValuePair key="uid" value="1533387179187" description="" />
  </section>
  <section name="bsp/1533387172121" level="2" order="2" description="">
   <keyValuePair key="apptemplate" value="hello_world" description="" />
   <keyValuePair key="hwid" value="1533385754801" description="" />
   <keyValuePair key="os" value="standalone" description="" />
   <keyValuePair key="recordtype" value="BSPCreation" description="" />
   <keyValuePair key="uid" value="1533387172121" description="" />
  </section>
  <section name="bsp/1533466672313" level="2" order="3" description="">
   <keyValuePair key="bootgencount" value="0" description="" />
   <keyValuePair key="crosstriggcount" value="0" description="" />
   <keyValuePair key="debugcount" value="143" description="" />
   <keyValuePair key="flashcount" value="0" description="" />
   <keyValuePair key="perfcount" value="0" description="" />
   <keyValuePair key="qemudebugcount" value="0" description="" />
   <keyValuePair key="recordtype" value="ToolUsage" description="" />
   <keyValuePair key="uid" value="NA" description="" />
  </section>
  <section name="hardware/1533385754801" level="2" order="4" description="">
   <keyValuePair key="apptemplate" value="NA" description="" />
   <keyValuePair key="arch" value="zynq" description="" />
   <keyValuePair key="device" value="7z010" description="" />
   <keyValuePair key="ishandoff" value="true" description="" />
   <keyValuePair key="iszynq" value="true" description="" />
   <keyValuePair key="iszynqmp" value="false" description="" />
   <keyValuePair key="os" value="NA" description="" />
   <keyValuePair key="processors" value="2" description="" />
   <keyValuePair key="recordtype" value="HWCreation" description="" />
   <keyValuePair key="uid" value="1533385754801" description="" />
   <keyValuePair key="vivadoversion" value="2018.2" description="" />
  </section>
 </section>
 <section name="vivado_usage" level="1" order="4" description="">
 </section>
</section>
</webTalkData>
