<?xml version="1.0" encoding="UTF-8"?>
<GenRun Id="synth_1" LaunchPart="xc7z020clg484-1" LaunchTime="1504969263">
  <File Type="PA-TCL" Name="design_1_wrapper.tcl"/>
  <File Type="RDS-PROPCONSTRS" Name="design_1_wrapper_drc_synth.rpt"/>
  <File Type="RDS-RDS" Name="design_1_wrapper.vds"/>
  <File Type="RDS-UTIL" Name="design_1_wrapper_utilization_synth.rpt"/>
  <File Type="RDS-UTIL-PB" Name="design_1_wrapper_utilization_synth.pb"/>
  <File Type="RDS-DCP" Name="design_1_wrapper.dcp"/>
  <File Type="VDS-TIMINGSUMMARY" Name="design_1_wrapper_timing_summary_synth.rpt"/>
  <File Type="VDS-TIMING-PB" Name="design_1_wrapper_timing_summary_synth.pb"/>
  <FileSet Name="sources" Type="DesignSrcs" RelSrcDir="$PSRCDIR/sources_1">
    <Filter Type="Srcs"/>
    <File Path="$PSRCDIR/sources_1/bd/design_1/design_1.bd">
      <FileInfo>
        <Attr Name="ImportPath" Val="$PPRDIR/../../../../../../../../../../hdl_projects/digilent/Zed_FMC_HDMI/Zed_FMC_HDMI.srcs/sources_1/bd/design_1/design_1.bd"/>
        <Attr Name="ImportTime" Val="1505043560"/>
        <Attr Name="UsedIn" Val="synthesis"/>
        <Attr Name="UsedIn" Val="implementation"/>
        <Attr Name="UsedIn" Val="simulation"/>
      </FileInfo>
    </File>
    <File Path="$PSRCDIR/sources_1/bd/design_1/hdl/design_1_wrapper.vhd">
      <FileInfo>
        <Attr Name="ImportPath" Val="$PPRDIR/../../../../../../../../../../hdl_projects/digilent/Zed_FMC_HDMI/Zed_FMC_HDMI.srcs/sources_1/bd/design_1/hdl/design_1_wrapper.vhd"/>
        <Attr Name="ImportTime" Val="1504969258"/>
        <Attr Name="UsedIn" Val="synthesis"/>
        <Attr Name="UsedIn" Val="simulation"/>
      </FileInfo>
    </File>
    <Config>
      <Option Name="DesignMode" Val="RTL"/>
      <Option Name="TopModule" Val="design_1_wrapper"/>
      <Option Name="TopAutoSet" Val="TRUE"/>
    </Config>
  </FileSet>
  <FileSet Name="constrs_in" Type="Constrs" RelSrcDir="$PSRCDIR/constrs_1">
    <Filter Type="Constrs"/>
    <File Path="$PSRCDIR/constrs_1/new/const.xdc">
      <FileInfo>
        <Attr Name="ImportPath" Val="$PPRDIR/../../../../../../../../../../hdl_projects/digilent/Zed_FMC_HDMI/Zed_FMC_HDMI.srcs/constrs_1/new/const.xdc"/>
        <Attr Name="ImportTime" Val="1504722275"/>
        <Attr Name="UsedIn" Val="synthesis"/>
        <Attr Name="UsedIn" Val="implementation"/>
      </FileInfo>
    </File>
    <Config>
      <Option Name="ConstrsType" Val="XDC"/>
    </Config>
  </FileSet>
  <Strategy Version="1" Minor="2">
    <StratHandle Name="Vivado Synthesis Defaults" Flow="Vivado Synthesis 2017"/>
    <Step Id="synth_design"/>
  </Strategy>
  <BlockFileSet Type="BlockSrcs" Name="design_1_processing_system7_0_0"/>
  <BlockFileSet Type="BlockSrcs" Name="design_1_v_tc_0_0"/>
  <BlockFileSet Type="BlockSrcs" Name="design_1_xlconstant_0_0"/>
  <BlockFileSet Type="BlockSrcs" Name="design_1_xlconcat_0_0"/>
  <BlockFileSet Type="BlockSrcs" Name="design_1_rst_ps7_0_100M_0"/>
  <BlockFileSet Type="BlockSrcs" Name="design_1_ila_1_0"/>
</GenRun>
